BASE_DE,GID_ID,GID_LO,GID_LA,CTPRVN_CD,CTPRVN_NM,SIGNGU_CD,SIGNGU_NM,ADSTRD_CD,ADSTRD_NM,WKDAY_NM,MVMN_TIME,SEXDSTN_FLAG_CD,AGRDE_CO,PDSTRN_POPLTN_CO,PDSTRN_ELSE_POPLTN_CO
20201105,"83,558,707",127.062706,37.06605911,41,경기도,4122,평택시,41220520,서정동,목,22,M,6,10,4
20201105,"83,912,334",127.0708542,37.80926895,41,경기도,4163,양주시,41630550,회천3동,목,18,M,4,4,10
20201105,"83,912,334",127.0708542,37.80926895,41,경기도,4163,양주시,41630550,회천3동,목,16,M,5,3,4
20201105,"83,559,754",127.059967,37.53792572,11,서울특별시,1120,성동구,11200670,성수2가1동,목,16,M,4,40,26
20201105,"70,904,337",126.6134415,37.44168091,28,인천광역시,2811,중구,28110520,연안동,목,17,M,6,9,4
20201105,"79,911,943",126.9310684,37.51979828,11,서울특별시,1156,영등포구,11560540,여의동,목,17,M,3,29,5
20201105,"73,704,352",126.711441,37.52800369,28,인천광역시,2824,계양구,28245601,효성1동,목,13,M,6,19,6
20201105,"84,055,102",127.0790787,37.25811768,41,경기도,4111,수원시,41117570,영통1동,목,18,F,2,10,4
20201105,"73,704,352",126.711441,37.52800369,28,인천광역시,2824,계양구,28245601,효성1동,목,19,M,3,11,6
20201105,"83,863,801",127.070549,37.56771088,11,서울특별시,1123,동대문구,11230660,장안2동,목,20,F,6,23,5
20201105,"73,704,352",126.711441,37.52800369,28,인천광역시,2824,계양구,28245601,효성1동,목,11,M,6,15,7
20201105,"83,559,754",127.059967,37.53792572,11,서울특별시,1120,성동구,11200670,성수2가1동,목,22,M,4,19,23
20201105,"80,343,588",126.9474335,37.37205505,41,경기도,4117,안양시,41173580,호계1동,목,5,M,4,6,3
20201105,"102,496,369",127.7220459,34.74321747,46,전라남도,4613,여수시,46130625,광림동,목,14,M,7,12,4
20201105,"73,704,352",126.711441,37.52800369,28,인천광역시,2824,계양구,28245601,효성1동,목,20,M,5,28,6
20201105,"79,911,943",126.9310684,37.51979828,11,서울특별시,1156,영등포구,11560540,여의동,목,16,M,5,14,9
20201105,"73,704,352",126.711441,37.52800369,28,인천광역시,2824,계양구,28245601,효성1동,목,18,M,5,28,20
20201105,"83,559,754",127.059967,37.53792572,11,서울특별시,1120,성동구,11200670,성수2가1동,목,17,M,2,32,14
20201105,"70,904,337",126.6134415,37.44168091,28,인천광역시,2811,중구,28110520,연안동,목,8,M,5,10,10
20201105,"83,559,754",127.059967,37.53792572,11,서울특별시,1120,성동구,11200670,성수2가1동,목,7,F,6,11,8
20201105,"83,559,754",127.059967,37.53792572,11,서울특별시,1120,성동구,11200670,성수2가1동,목,14,M,1,9,6
20201105,"101,408,483",127.6849442,34.76402283,46,전라남도,4613,여수시,46130790,시전동,목,6,F,6,4,4
20201105,"83,559,754",127.059967,37.53792572,11,서울특별시,1120,성동구,11200670,성수2가1동,목,3,M,5,21,9
20201105,"83,559,754",127.059967,37.53792572,11,서울특별시,1120,성동구,11200670,성수2가1동,목,23,M,2,20,9
20201105,"83,784,400",127.0661621,37.83538818,41,경기도,4163,양주시,41630550,회천3동,목,0,M,1,33,3
20201105,"83,559,754",127.059967,37.53792572,11,서울특별시,1120,성동구,11200670,성수2가1동,목,2,M,3,15,4
20201105,"83,368,146",127.0521469,37.70915222,41,경기도,4115,의정부시,41150561,장암동,목,21,M,4,4,4
20201105,"83,368,146",127.0521469,37.70915222,41,경기도,4115,의정부시,41150561,장암동,목,8,F,4,6,4
20201105,"127,809,284",128.6012573,35.86414337,27,대구광역시,2711,중구,27110545,삼덕동,목,10,M,1,4,4
20201105,"83,558,707",127.062706,37.06605911,41,경기도,4122,평택시,41220520,서정동,목,2,M,1,8,8
20201105,"83,558,707",127.062706,37.06605911,41,경기도,4122,평택시,41220520,서정동,목,18,F,5,8,3
20201105,"70,904,337",126.6134415,37.44168091,28,인천광역시,2811,중구,28110520,연안동,목,15,M,3,5,9
20201105,"125,121,340",128.5075836,35.81447601,27,대구광역시,2729,달서구,27290615,진천동,목,17,M,4,5,4
20201105,"83,559,754",127.059967,37.53792572,11,서울특별시,1120,성동구,11200670,성수2가1동,목,5,M,5,35,6
20201105,"83,559,754",127.059967,37.53792572,11,서울특별시,1120,성동구,11200670,성수2가1동,목,8,M,1,25,6
20201105,"73,704,352",126.711441,37.52800369,28,인천광역시,2824,계양구,28245601,효성1동,목,7,M,4,12,3
20201105,"70,904,337",126.6134415,37.44168091,28,인천광역시,2811,중구,28110520,연안동,목,14,M,5,8,9
20201105,"76,056,105",126.7950439,37.48346329,41,경기도,4119,부천시,41190603,심곡동,목,6,F,7,7,3
20201105,"83,558,707",127.062706,37.06605911,41,경기도,4122,평택시,41220520,서정동,목,21,F,3,8,8
20201105,"83,863,801",127.070549,37.56771088,11,서울특별시,1123,동대문구,11230660,장안2동,목,0,M,5,19,3
20201105,"73,704,352",126.711441,37.52800369,28,인천광역시,2824,계양구,28245601,효성1동,목,9,F,5,23,11
20201105,"70,904,337",126.6134415,37.44168091,28,인천광역시,2811,중구,28110520,연안동,목,9,M,3,8,13
20201105,"83,558,707",127.062706,37.06605911,41,경기도,4122,평택시,41220520,서정동,목,19,F,3,4,7
20201105,"73,704,352",126.711441,37.52800369,28,인천광역시,2824,계양구,28245601,효성1동,목,16,M,2,10,4
20201105,"68,751,746",126.5834808,33.5080719,50,제주특별자치도,5011,제주시,50110610,삼양동,목,0,M,1,5,5
20201105,"73,704,352",126.711441,37.52800369,28,인천광역시,2824,계양구,28245601,효성1동,목,8,F,3,10,3
20201121,"80,679,980",126.9579468,37.55823517,11,서울특별시,1141,서대문구,11410555,북아현동,토,9,F,4,14,5
20201121,"80,375,959",126.9473267,37.54015732,11,서울특별시,1144,마포구,11440585,도화동,토,14,F,4,13,12
20201121,"79,111,932",126.9029922,37.49216843,11,서울특별시,1156,영등포구,11560700,대림1동,토,16,M,5,51,23
20201121,"79,111,932",126.9029922,37.49216843,11,서울특별시,1156,영등포구,11560700,대림1동,토,15,M,3,22,15
20201121,"142,142,894",129.0840302,35.18528748,26,부산광역시,2647,연제구,26470680,연산4동,토,1,M,4,5,3
20201121,"79,111,932",126.9029922,37.49216843,11,서울특별시,1156,영등포구,11560700,대림1동,토,12,F,3,18,13
20201121,"79,111,932",126.9029922,37.49216843,11,서울특별시,1156,영등포구,11560700,대림1동,토,21,M,2,10,8
20201121,"79,111,932",126.9029922,37.49216843,11,서울특별시,1156,영등포구,11560700,대림1동,토,18,M,4,59,17
20201121,"80,375,959",126.9473267,37.54015732,11,서울특별시,1144,마포구,11440585,도화동,토,13,F,6,8,3
20201121,"77,431,663",126.8450775,37.32330704,41,경기도,4127,안산시,41271590,성포동,토,1,F,2,21,4
20201121,"80,375,959",126.9473267,37.54015732,11,서울특별시,1144,마포구,11440585,도화동,토,15,M,3,19,9
20201121,"79,111,932",126.9029922,37.49216843,11,서울특별시,1156,영등포구,11560700,대림1동,토,16,F,1,15,5
20201121,"79,111,932",126.9029922,37.49216843,11,서울특별시,1156,영등포구,11560700,대림1동,토,20,M,4,47,6
20201121,"80,375,959",126.9473267,37.54015732,11,서울특별시,1144,마포구,11440585,도화동,토,13,M,4,19,15
20201121,"80,679,980",126.9579468,37.55823517,11,서울특별시,1141,서대문구,11410555,북아현동,토,15,F,4,10,4
20201121,"142,142,894",129.0840302,35.18528748,26,부산광역시,2647,연제구,26470680,연산4동,토,14,F,3,5,4
20201121,"80,679,980",126.9579468,37.55823517,11,서울특별시,1141,서대문구,11410555,북아현동,토,1,M,5,13,4
20201121,"141,438,877",129.0593567,35.15810776,26,부산광역시,2623,부산진구,26230510,부전1동,토,11,F,3,5,7
20201105,"83,559,754",127.059967,37.53792572,11,서울특별시,1120,성동구,11200670,성수2가1동,목,12,F,2,23,10
20201105,"73,704,352",126.711441,37.52800369,28,인천광역시,2824,계양구,28245601,효성1동,목,15,F,5,11,13
20201105,"79,911,943",126.9310684,37.51979828,11,서울특별시,1156,영등포구,11560540,여의동,목,12,F,3,32,5
20201105,"83,559,754",127.059967,37.53792572,11,서울특별시,1120,성동구,11200670,성수2가1동,목,8,F,7,17,6
20201105,"83,912,334",127.0708542,37.80926895,41,경기도,4163,양주시,41630550,회천3동,목,9,F,4,4,14
20201105,"79,911,943",126.9310684,37.51979828,11,서울특별시,1156,영등포구,11560540,여의동,목,13,F,5,18,4
20201105,"73,704,352",126.711441,37.52800369,28,인천광역시,2824,계양구,28245601,효성1동,목,22,M,2,11,4
20201105,"83,912,334",127.0708542,37.80926895,41,경기도,4163,양주시,41630550,회천3동,목,14,F,2,7,13
20201105,"83,912,334",127.0708542,37.80926895,41,경기도,4163,양주시,41630550,회천3동,목,6,M,3,4,4
20201105,"84,055,102",127.0790787,37.25811768,41,경기도,4111,수원시,41117570,영통1동,목,22,M,1,7,5
20201105,"79,911,943",126.9310684,37.51979828,11,서울특별시,1156,영등포구,11560540,여의동,목,10,F,3,28,3
20201105,"83,368,146",127.0521469,37.70915222,41,경기도,4115,의정부시,41150561,장암동,목,19,M,4,8,5
20201105,"73,704,352",126.711441,37.52800369,28,인천광역시,2824,계양구,28245601,효성1동,목,23,M,4,8,7
20201105,"83,368,146",127.0521469,37.70915222,41,경기도,4115,의정부시,41150561,장암동,목,0,F,1,6,3
20201105,"65,570,712",126.4612122,34.75477219,46,전라남도,4683,영암군,46830253,삼호읍,목,21,F,1,3,3
20201105,"83,559,754",127.059967,37.53792572,11,서울특별시,1120,성동구,11200670,성수2가1동,목,10,M,6,45,22
20201121,"79,111,932",126.9029922,37.49216843,11,서울특별시,1156,영등포구,11560700,대림1동,토,17,F,7,37,5
20201121,"129,425,161",128.6570282,35.85370255,27,대구광역시,2726,수성구,27260561,만촌3동,토,7,M,1,4,4
20201121,"141,438,877",129.0593567,35.15810776,26,부산광역시,2623,부산진구,26230510,부전1동,토,12,F,5,17,4
20201121,"80,375,959",126.9473267,37.54015732,11,서울특별시,1144,마포구,11440585,도화동,토,11,F,6,9,3
20201121,"80,375,959",126.9473267,37.54015732,11,서울특별시,1144,마포구,11440585,도화동,토,13,M,7,3,3
20201121,"80,679,980",126.9579468,37.55823517,11,서울특별시,1141,서대문구,11410555,북아현동,토,7,F,7,12,4
20201121,"72,040,077",126.6545258,37.35680389,28,인천광역시,2818,연수구,28185840,송도3동,토,10,F,4,3,3
20201105,"83,559,754",127.059967,37.53792572,11,서울특별시,1120,성동구,11200670,성수2가1동,목,13,F,4,18,7
20201105,"81,042,416",126.9875793,35.0606575,46,전라남도,4679,화순군,46790250,화순읍,목,14,F,7,6,6
20201105,"141,982,905",129.0785522,35.18581009,26,부산광역시,2647,연제구,26470690,연산5동,목,12,M,6,5,3
20201105,"83,558,707",127.062706,37.06605911,41,경기도,4122,평택시,41220520,서정동,목,18,M,1,6,6
20201105,"83,559,754",127.059967,37.53792572,11,서울특별시,1120,성동구,11200670,성수2가1동,목,1,M,2,27,3
20201105,"83,784,400",127.0661621,37.83538818,41,경기도,4163,양주시,41630550,회천3동,목,8,M,4,10,3
20201105,"83,559,754",127.059967,37.53792572,11,서울특별시,1120,성동구,11200670,성수2가1동,목,0,M,4,18,6
20201105,"83,559,754",127.059967,37.53792572,11,서울특별시,1120,성동구,11200670,성수2가1동,목,11,F,4,22,7
20201121,"79,111,932",126.9029922,37.49216843,11,서울특별시,1156,영등포구,11560700,대림1동,토,19,M,2,22,5
20201121,"141,438,877",129.0593567,35.15810776,26,부산광역시,2623,부산진구,26230510,부전1동,토,10,M,7,5,4
20201121,"79,111,932",126.9029922,37.49216843,11,서울특별시,1156,영등포구,11560700,대림1동,토,23,F,1,33,6
20201121,"79,111,932",126.9029922,37.49216843,11,서울특별시,1156,영등포구,11560700,대림1동,토,17,M,4,60,24
20201121,"80,679,980",126.9579468,37.55823517,11,서울특별시,1141,서대문구,11410555,북아현동,토,8,F,2,5,3
20201121,"80,375,959",126.9473267,37.54015732,11,서울특별시,1144,마포구,11440585,도화동,토,9,M,5,12,8
20201121,"80,375,959",126.9473267,37.54015732,11,서울특별시,1144,마포구,11440585,도화동,토,19,F,3,12,8
20201105,"83,863,801",127.070549,37.56771088,11,서울특별시,1123,동대문구,11230660,장안2동,목,16,F,1,13,8
20201105,"139,583,089",128.9964752,35.20217896,26,부산광역시,2632,북구,26320520,구포2동,목,18,M,6,3,4
20201105,"83,863,801",127.070549,37.56771088,11,서울특별시,1123,동대문구,11230660,장안2동,목,6,M,5,7,4
20201105,"83,558,707",127.062706,37.06605911,41,경기도,4122,평택시,41220520,서정동,목,20,M,1,9,4
20201105,"70,904,337",126.6134415,37.44168091,28,인천광역시,2811,중구,28110520,연안동,목,13,M,4,10,6
20201105,"73,704,352",126.711441,37.52800369,28,인천광역시,2824,계양구,28245601,효성1동,목,20,F,1,11,5
20201105,"79,911,943",126.9310684,37.51979828,11,서울특별시,1156,영등포구,11560540,여의동,목,19,M,4,39,5
20201105,"73,704,352",126.711441,37.52800369,28,인천광역시,2824,계양구,28245601,효성1동,목,4,M,5,12,5
20201105,"83,559,754",127.059967,37.53792572,11,서울특별시,1120,성동구,11200670,성수2가1동,목,20,M,3,20,6
20201105,"70,904,337",126.6134415,37.44168091,28,인천광역시,2811,중구,28110520,연안동,목,11,M,4,9,9
20201105,"83,559,754",127.059967,37.53792572,11,서울특별시,1120,성동구,11200670,성수2가1동,목,18,M,3,44,8
20201105,"139,583,089",128.9964752,35.20217896,26,부산광역시,2632,북구,26320520,구포2동,목,8,M,4,4,5
20201121,"80,679,980",126.9579468,37.55823517,11,서울특별시,1141,서대문구,11410555,북아현동,토,17,M,4,23,5
20201121,"80,375,959",126.9473267,37.54015732,11,서울특별시,1144,마포구,11440585,도화동,토,1,F,4,11,3
20201121,"79,111,932",126.9029922,37.49216843,11,서울특별시,1156,영등포구,11560700,대림1동,토,10,F,7,17,5
20201101,"133,919,422",128.8019409,35.19496155,48,경상남도,4825,김해시,48250620,장유2동,일,16,F,4,3,3
20201101,"84,596,391",127.1044693,36.05156326,45,전라북도,4514,익산시,45140390,여산면,일,15,F,4,3,5
20201101,"77,202,830",126.8553696,35.13847733,29,광주광역시,2914,서구,29140821,금호1동,일,0,F,1,8,3
20201101,"73,704,352",126.711441,37.52800369,28,인천광역시,2824,계양구,28245601,효성1동,일,15,F,5,14,9
20201101,"73,704,352",126.711441,37.52800369,28,인천광역시,2824,계양구,28245601,효성1동,일,13,M,6,18,3
20201101,"73,704,352",126.711441,37.52800369,28,인천광역시,2824,계양구,28245601,효성1동,일,11,M,6,20,7
20201101,"127,649,356",128.5960999,35.89213943,27,대구광역시,2723,북구,27230610,산격1동,일,2,F,1,3,3
20201101,"78,856,351",126.8924713,37.67373657,41,경기도,4128,고양시,41281590,고양동,일,12,M,5,4,33
20201101,"78,856,351",126.8924713,37.67373657,41,경기도,4128,고양시,41281590,고양동,일,10,M,5,4,24
20201101,"73,704,352",126.711441,37.52800369,28,인천광역시,2824,계양구,28245601,효성1동,일,9,F,5,16,7
20201101,"78,856,351",126.8924713,37.67373657,41,경기도,4128,고양시,41281590,고양동,일,14,F,6,4,21
20201101,"84,999,837",127.1104965,37.61606979,11,서울특별시,1126,중랑구,11260680,신내1동,일,7,M,1,4,4
20201103,"82,055,960",127.0064316,37.58819199,11,서울특별시,1129,성북구,11290555,삼선동,화,18,F,2,17,6
20201103,"109,766,008",127.9866867,37.48907089,42,강원도,4273,횡성군,42730250,횡성읍,화,6,M,4,15,5
20201103,"83,447,113",127.057724,37.2458725,41,경기도,4111,수원시,41117580,영통2동,화,4,M,3,30,4
20201103,"73,704,352",126.711441,37.52800369,28,인천광역시,2824,계양구,28245601,효성1동,화,15,F,5,20,10
20201103,"73,704,352",126.711441,37.52800369,28,인천광역시,2824,계양구,28245601,효성1동,화,13,M,6,22,8
20201103,"82,055,960",127.0064316,37.58819199,11,서울특별시,1129,성북구,11290555,삼선동,화,16,M,1,14,12
20201103,"141,380,202",129.1056824,37.55577087,42,강원도,4217,동해시,42170630,망상동,화,16,M,7,3,7
20201103,"138,419,532",128.9933319,37.17193604,42,강원도,4219,태백시,42190515,황지동,화,9,M,7,14,5
20201103,"83,558,707",127.062706,37.06605911,41,경기도,4122,평택시,41220520,서정동,화,20,F,5,8,4
20201103,"109,766,008",127.9866867,37.48907089,42,강원도,4273,횡성군,42730250,횡성읍,화,10,M,7,15,3
20201101,"76,296,175",126.8031769,37.52182007,41,경기도,4119,부천시,41190830,오정동,일,7,F,4,4,5
20201101,"143,422,781",129.127655,35.16983414,26,부산광역시,2635,해운대구,26350520,우2동,일,16,M,2,9,4
20201101,"78,856,351",126.8924713,37.67373657,41,경기도,4128,고양시,41281590,고양동,일,11,M,3,4,15
20201101,"73,704,352",126.711441,37.52800369,28,인천광역시,2824,계양구,28245601,효성1동,일,10,M,4,11,3
20201103,"83,447,113",127.057724,37.2458725,41,경기도,4111,수원시,41117580,영통2동,화,5,M,5,10,7
20201103,"83,447,113",127.057724,37.2458725,41,경기도,4111,수원시,41117580,영통2동,화,21,M,7,4,4
20201103,"138,419,532",128.9933319,37.17193604,42,강원도,4219,태백시,42190515,황지동,화,18,F,1,4,4
20201103,"83,447,113",127.057724,37.2458725,41,경기도,4111,수원시,41117580,영통2동,화,7,F,6,4,12
20201103,"83,447,113",127.057724,37.2458725,41,경기도,4111,수원시,41117580,영통2동,화,13,F,4,11,14
20201103,"141,380,202",129.1056824,37.55577087,42,강원도,4217,동해시,42170630,망상동,화,4,M,7,4,6
20201103,"83,447,113",127.057724,37.2458725,41,경기도,4111,수원시,41117580,영통2동,화,11,F,4,11,10
20201103,"73,704,352",126.711441,37.52800369,28,인천광역시,2824,계양구,28245601,효성1동,화,9,F,5,18,9
20201103,"73,704,352",126.711441,37.52800369,28,인천광역시,2824,계양구,28245601,효성1동,화,11,M,6,24,10
20201103,"82,055,960",127.0064316,37.58819199,11,서울특별시,1129,성북구,11290555,삼선동,화,19,F,4,7,4
20201103,"83,447,113",127.057724,37.2458725,41,경기도,4111,수원시,41117580,영통2동,화,21,F,1,17,6
20201103,"83,447,113",127.057724,37.2458725,41,경기도,4111,수원시,41117580,영통2동,화,3,M,5,17,3
20201103,"83,239,946",127.0481796,37.61539841,11,서울특별시,1129,성북구,11290760,장위1동,화,6,M,6,5,4
20201103,"141,422,839",129.0584717,35.14053726,26,부산광역시,2617,동구,26170660,범일2동,화,16,M,6,5,4
20201101,"73,704,352",126.711441,37.52800369,28,인천광역시,2824,계양구,28245601,효성1동,일,14,F,3,6,3
20201101,"143,967,208",129.150528,35.37733841,48,경상남도,4833,양산시,48330560,평산동,일,13,F,1,7,4
20201101,"68,495,797",126.5746994,33.52378845,50,제주특별자치도,5011,제주시,50110600,화북동,일,21,M,1,3,3
20201103,"73,704,352",126.711441,37.52800369,28,인천광역시,2824,계양구,28245601,효성1동,화,21,M,3,13,4
20201103,"83,447,113",127.057724,37.2458725,41,경기도,4111,수원시,41117580,영통2동,화,8,M,1,41,12
20201103,"109,766,008",127.9866867,37.48907089,42,강원도,4273,횡성군,42730250,횡성읍,화,14,F,5,16,3
20201103,"83,447,113",127.057724,37.2458725,41,경기도,4111,수원시,41117580,영통2동,화,14,M,1,14,16
20201103,"109,766,008",127.9866867,37.48907089,42,강원도,4273,횡성군,42730250,횡성읍,화,12,M,6,13,4
20201103,"76,050,986",126.8155365,35.1761322,29,광주광역시,2920,광산구,29200635,운남동,화,9,F,5,3,3
20201103,"83,558,707",127.062706,37.06605911,41,경기도,4122,평택시,41220520,서정동,화,18,F,5,7,5
20201103,"82,055,960",127.0064316,37.58819199,11,서울특별시,1129,성북구,11290555,삼선동,화,22,M,1,7,3
20201103,"83,447,113",127.057724,37.2458725,41,경기도,4111,수원시,41117580,영통2동,화,2,M,3,28,6
20201103,"73,704,352",126.711441,37.52800369,28,인천광역시,2824,계양구,28245601,효성1동,화,8,F,3,5,6
20201101,"134,885,044",128.8795471,37.75510788,42,강원도,4215,강릉시,42150510,홍제동,일,16,M,5,7,3
20201101,"134,885,044",128.8795471,37.75510788,42,강원도,4215,강릉시,42150510,홍제동,일,15,M,6,11,6
20201101,"73,704,352",126.711441,37.52800369,28,인천광역시,2824,계양구,28245601,효성1동,일,22,M,2,15,5
20201103,"109,766,008",127.9866867,37.48907089,42,강원도,4273,횡성군,42730250,횡성읍,화,19,M,5,13,5
20201103,"83,447,113",127.057724,37.2458725,41,경기도,4111,수원시,41117580,영통2동,화,23,M,2,12,17
20201103,"82,055,960",127.0064316,37.58819199,11,서울특별시,1129,성북구,11290555,삼선동,화,11,F,7,9,3
20201103,"83,239,946",127.0481796,37.61539841,11,서울특별시,1129,성북구,11290760,장위1동,화,9,F,1,7,3
20201103,"82,151,957",127.0098267,37.58955765,11,서울특별시,1129,성북구,11290555,삼선동,화,11,F,5,3,3
20201103,"82,055,960",127.0064316,37.58819199,11,서울특별시,1129,성북구,11290555,삼선동,화,8,M,4,4,6
20201103,"83,748,064",127.0759659,35.8801651,45,전라북도,4511,전주시,45113650,조촌동,화,15,F,1,8,4
20201103,"141,422,839",129.0584717,35.14053726,26,부산광역시,2617,동구,26170660,범일2동,화,13,F,6,21,5
20201103,"109,766,008",127.9866867,37.48907089,42,강원도,4273,횡성군,42730250,횡성읍,화,19,F,7,7,4
20201103,"109,766,008",127.9866867,37.48907089,42,강원도,4273,횡성군,42730250,횡성읍,화,10,M,6,16,9
20201103,"83,447,113",127.057724,37.2458725,41,경기도,4111,수원시,41117580,영통2동,화,22,M,4,22,28
20201103,"83,447,113",127.057724,37.2458725,41,경기도,4111,수원시,41117580,영통2동,화,19,F,1,24,20
20201101,"84,055,102",127.0790787,37.25811768,41,경기도,4111,수원시,41117570,영통1동,일,13,F,1,10,4
20201101,"134,885,044",128.8795471,37.75510788,42,강원도,4215,강릉시,42150510,홍제동,일,13,M,7,4,4
20201103,"83,447,113",127.057724,37.2458725,41,경기도,4111,수원시,41117580,영통2동,화,16,M,4,12,17
20201103,"83,447,113",127.057724,37.2458725,41,경기도,4111,수원시,41117580,영통2동,화,10,F,2,9,13
20201103,"73,704,352",126.711441,37.52800369,28,인천광역시,2824,계양구,28245601,효성1동,화,18,F,2,11,8
20201103,"73,704,352",126.711441,37.52800369,28,인천광역시,2824,계양구,28245601,효성1동,화,20,M,5,23,8
20201103,"83,447,113",127.057724,37.2458725,41,경기도,4111,수원시,41117580,영통2동,화,18,M,2,10,18
20201103,"141,422,839",129.0584717,35.14053726,26,부산광역시,2617,동구,26170660,범일2동,화,18,F,5,6,6
20201103,"83,447,113",127.057724,37.2458725,41,경기도,4111,수원시,41117580,영통2동,화,12,F,2,12,13
20201103,"83,447,113",127.057724,37.2458725,41,경기도,4111,수원시,41117580,영통2동,화,15,F,5,18,13
20201103,"83,863,801",127.070549,37.56771088,11,서울특별시,1123,동대문구,11230660,장안2동,화,22,M,5,16,4
20201103,"83,558,707",127.062706,37.06605911,41,경기도,4122,평택시,41220520,서정동,화,6,M,6,4,3
20201101,"73,704,352",126.711441,37.52800369,28,인천광역시,2824,계양구,28245601,효성1동,일,17,M,4,12,5
20201101,"143,422,781",129.127655,35.16983414,26,부산광역시,2635,해운대구,26350520,우2동,일,15,M,1,4,8
20201101,"73,704,352",126.711441,37.52800369,28,인천광역시,2824,계양구,28245601,효성1동,일,16,M,2,14,5
20201105,"83,559,754",127.059967,37.53792572,11,서울특별시,1120,성동구,11200670,성수2가1동,목,8,M,1,25,6
20201105,"73,704,352",126.711441,37.52800369,28,인천광역시,2824,계양구,28245601,효성1동,목,7,M,4,12,3
20201105,"70,904,337",126.6134415,37.44168091,28,인천광역시,2811,중구,28110520,연안동,목,14,M,5,8,9
20201105,"76,056,105",126.7950439,37.48346329,41,경기도,4119,부천시,41190603,심곡동,목,6,F,7,7,3
20201105,"83,558,707",127.062706,37.06605911,41,경기도,4122,평택시,41220520,서정동,목,21,F,3,8,8
20201105,"83,863,801",127.070549,37.56771088,11,서울특별시,1123,동대문구,11230660,장안2동,목,0,M,5,19,3
20201105,"73,704,352",126.711441,37.52800369,28,인천광역시,2824,계양구,28245601,효성1동,목,9,F,5,23,11
20201105,"70,904,337",126.6134415,37.44168091,28,인천광역시,2811,중구,28110520,연안동,목,9,M,3,8,13
20201105,"83,558,707",127.062706,37.06605911,41,경기도,4122,평택시,41220520,서정동,목,19,F,3,4,7
20201105,"73,704,352",126.711441,37.52800369,28,인천광역시,2824,계양구,28245601,효성1동,목,16,M,2,10,4
20201105,"68,751,746",126.5834808,33.5080719,50,제주특별자치도,5011,제주시,50110610,삼양동,목,0,M,1,5,5
20201105,"73,704,352",126.711441,37.52800369,28,인천광역시,2824,계양구,28245601,효성1동,목,8,F,3,10,3
20201121,"80,679,980",126.9579468,37.55823517,11,서울특별시,1141,서대문구,11410555,북아현동,토,17,M,4,23,5
20201121,"80,375,959",126.9473267,37.54015732,11,서울특별시,1144,마포구,11440585,도화동,토,1,F,4,11,3
20201121,"79,111,932",126.9029922,37.49216843,11,서울특별시,1156,영등포구,11560700,대림1동,토,10,F,7,17,5
20201121,"79,111,932",126.9029922,37.49216843,11,서울특별시,1156,영등포구,11560700,대림1동,토,14,M,7,24,6
20201121,"79,111,932",126.9029922,37.49216843,11,서울특별시,1156,영등포구,11560700,대림1동,토,10,F,1,17,6
20201121,"80,375,959",126.9473267,37.54015732,11,서울특별시,1144,마포구,11440585,도화동,토,14,M,3,8,7
20201121,"80,375,959",126.9473267,37.54015732,11,서울특별시,1144,마포구,11440585,도화동,토,21,F,3,8,7
20201121,"80,679,980",126.9579468,37.55823517,11,서울특별시,1141,서대문구,11410555,북아현동,토,5,F,6,11,7
20201121,"141,438,877",129.0593567,35.15810776,26,부산광역시,2623,부산진구,26230510,부전1동,토,8,M,6,3,5
20201121,"80,375,959",126.9473267,37.54015732,11,서울특별시,1144,마포구,11440585,도화동,토,16,M,6,9,6
20201121,"132,129,059",128.7510681,35.88296127,27,대구광역시,2714,동구,27140745,안심3.4동,토,6,F,1,7,3
20201119,"84,983,909",127.1097641,37.64806747,41,경기도,4136,남양주시,41360570,별내동,목,10,M,4,6,6
20201119,"75,112,255",126.7612762,37.5242691,41,경기도,4119,부천시,41190830,오정동,목,15,M,2,8,3
20201119,"138,419,532",128.9933319,37.17193604,42,강원도,4219,태백시,42190515,황지동,목,8,M,4,3,5
20201119,"84,983,909",127.1097641,37.64806747,41,경기도,4136,남양주시,41360570,별내동,목,12,M,4,9,7
20201105,"83,559,754",127.059967,37.53792572,11,서울특별시,1120,성동구,11200670,성수2가1동,목,12,F,2,23,10
20201105,"73,704,352",126.711441,37.52800369,28,인천광역시,2824,계양구,28245601,효성1동,목,15,F,5,11,13
20201105,"79,911,943",126.9310684,37.51979828,11,서울특별시,1156,영등포구,11560540,여의동,목,12,F,3,32,5
20201105,"83,559,754",127.059967,37.53792572,11,서울특별시,1120,성동구,11200670,성수2가1동,목,8,F,7,17,6
20201105,"83,912,334",127.0708542,37.80926895,41,경기도,4163,양주시,41630550,회천3동,목,9,F,4,4,14
20201105,"79,911,943",126.9310684,37.51979828,11,서울특별시,1156,영등포구,11560540,여의동,목,13,F,5,18,4
20201105,"73,704,352",126.711441,37.52800369,28,인천광역시,2824,계양구,28245601,효성1동,목,22,M,2,11,4
20201109,"75,671,819",126.7828064,37.34367752,41,경기도,4139,시흥시,41390581,군자동,월,19,M,2,17,4
20201109,"75,671,819",126.7828064,37.34367752,41,경기도,4139,시흥시,41390581,군자동,월,21,M,2,11,4
20201109,"85,735,609",127.1369553,37.53413391,11,서울특별시,1174,강동구,11740660,성내3동,월,13,F,3,17,5
20201109,"83,304,027",127.0502167,37.65371323,11,서울특별시,1132,도봉구,11320514,창4동,월,21,M,1,47,6
20201109,"85,159,061",127.1179199,37.27087021,41,경기도,4146,용인시,41463520,구갈동,월,0,F,1,6,7
20201109,"83,304,027",127.0502167,37.65371323,11,서울특별시,1132,도봉구,11320514,창4동,월,19,M,1,30,21
20201109,"85,735,609",127.1369553,37.53413391,11,서울특별시,1174,강동구,11740660,성내3동,월,11,F,3,16,4
20201109,"83,304,027",127.0502167,37.65371323,11,서울특별시,1132,도봉구,11320514,창4동,월,14,F,7,25,7
20201115,"85,671,906",127.1340485,37.66617203,41,경기도,4136,남양주시,41360310,별내면,일,12,M,3,4,3
20201115,"143,006,759",129.1129456,35.14839172,26,부산광역시,2650,수영구,26500660,남천1동,일,18,F,3,6,4
20201115,"76,008,194",126.792984,37.52220917,41,경기도,4119,부천시,41190606,부천동,일,23,F,4,27,12
20201115,"78,232,060",126.8716125,37.52490616,11,서울특별시,1147,양천구,11470510,목1동,일,16,M,6,8,4
20201116,"84,968,148",127.1086349,37.7553215,41,경기도,4115,의정부시,41150578,송산3동,월,15,F,7,14,9
20201116,"80,679,980",126.9579468,37.55823517,11,서울특별시,1141,서대문구,11410555,북아현동,월,12,M,7,13,4
20201116,"86,471,830",127.1624451,37.6545372,41,경기도,4136,남양주시,41360259,진건읍,월,15,M,5,3,4
20201116,"80,679,980",126.9579468,37.55823517,11,서울특별시,1141,서대문구,11410555,북아현동,월,15,F,4,15,3
20201116,"84,887,804",127.1066284,37.59803009,11,서울특별시,1126,중랑구,11260655,망우본동,월,21,F,5,12,4
20201116,"89,301,155",127.2662582,36.52890778,36,세종특별자치시,3611,세종특별자치시,36110310,연기면,월,8,M,4,3,5
20201116,"86,471,830",127.1624451,37.6545372,41,경기도,4136,남양주시,41360259,진건읍,월,9,M,5,6,5
20201116,"84,968,148",127.1086349,37.7553215,41,경기도,4115,의정부시,41150578,송산3동,월,23,F,3,32,6
20201116,"80,679,980",126.9579468,37.55823517,11,서울특별시,1141,서대문구,11410555,북아현동,월,17,F,1,15,5
20201116,"89,301,155",127.2662582,36.52890778,36,세종특별자치시,3611,세종특별자치시,36110310,연기면,월,19,M,1,10,5
20201116,"84,968,148",127.1086349,37.7553215,41,경기도,4115,의정부시,41150578,송산3동,월,16,F,5,10,7
20201116,"80,903,957",126.9659042,37.55421448,11,서울특별시,1114,중구,11140680,중림동,월,7,M,1,6,3
20201109,"83,752,407",127.0650101,37.83763886,41,경기도,4163,양주시,41630530,회천1동,월,21,F,1,34,6
20201109,"83,752,407",127.0650101,37.83763886,41,경기도,4163,양주시,41630530,회천1동,월,19,F,1,32,6
20201109,"96,433,194",127.5150604,34.94451523,46,전라남도,4615,순천시,46150570,덕연동,월,15,M,5,4,4
20201109,"95,221,769",127.4727554,36.97266006,43,충청북도,4377,음성군,43770340,대소면,월,23,M,5,5,4
20201109,"75,671,819",126.7828064,37.34367752,41,경기도,4139,시흥시,41390581,군자동,월,20,M,4,21,5
20201109,"85,735,609",127.1369553,37.53413391,11,서울특별시,1174,강동구,11740660,성내3동,월,10,F,6,15,8
20201109,"85,735,609",127.1369553,37.53413391,11,서울특별시,1174,강동구,11740660,성내3동,월,12,F,5,21,4
20201109,"85,159,061",127.1179199,37.27087021,41,경기도,4146,용인시,41463520,구갈동,월,22,M,5,7,4
20201109,"135,493,046",128.9014435,37.77287292,42,강원도,4215,강릉시,42150572,포남2동,월,0,F,3,4,5
20201109,"83,304,027",127.0502167,37.65371323,11,서울특별시,1132,도봉구,11320514,창4동,월,5,F,5,13,4
20201109,"83,752,407",127.0650101,37.83763886,41,경기도,4163,양주시,41630530,회천1동,월,12,F,2,15,4
20201109,"83,304,027",127.0502167,37.65371323,11,서울특별시,1132,도봉구,11320514,창4동,월,23,F,2,29,17
20201115,"143,006,759",129.1129456,35.14839172,26,부산광역시,2650,수영구,26500660,남천1동,일,12,F,6,4,3
20201115,"63,154,973",126.3780594,34.80362701,46,전라남도,4611,목포시,46110558,원산동,일,17,F,6,7,3
20201115,"82,647,727",127.0279465,37.49994659,11,서울특별시,1168,강남구,11680640,역삼1동,일,15,M,1,6,6
20201115,"76,008,194",126.792984,37.52220917,41,경기도,4119,부천시,41190606,부천동,일,22,F,2,14,34
20201115,"82,647,727",127.0279465,37.49994659,11,서울특별시,1168,강남구,11680640,역삼1동,일,11,F,2,13,4
20201115,"82,647,727",127.0279465,37.49994659,11,서울특별시,1168,강남구,11680640,역삼1동,일,20,F,1,6,3
20201116,"84,968,148",127.1086349,37.7553215,41,경기도,4115,의정부시,41150578,송산3동,월,0,M,1,25,3
20201116,"84,968,148",127.1086349,37.7553215,41,경기도,4115,의정부시,41150578,송산3동,월,22,F,5,11,7
20201116,"74,424,752",126.7348557,37.72870255,41,경기도,4148,파주시,41480560,운정2동,월,11,M,2,6,3
20201116,"86,471,830",127.1624451,37.6545372,41,경기도,4136,남양주시,41360259,진건읍,월,6,F,7,5,3
20201116,"80,679,980",126.9579468,37.55823517,11,서울특별시,1141,서대문구,11410555,북아현동,월,8,F,2,14,3
20201116,"83,063,903",127.042099,37.59103775,11,서울특별시,1123,동대문구,11230705,청량리동,월,20,F,5,6,5
20201109,"83,752,407",127.0650101,37.83763886,41,경기도,4163,양주시,41630530,회천1동,월,11,F,7,7,6
20201109,"83,752,407",127.0650101,37.83763886,41,경기도,4163,양주시,41630530,회천1동,월,11,F,4,21,3
20201109,"83,304,027",127.0502167,37.65371323,11,서울특별시,1132,도봉구,11320514,창4동,월,13,M,4,30,5
20201109,"83,542,150",127.0635834,36.81455994,44,충청남도,4420,아산시,44200330,탕정면,월,12,F,4,6,3
20201109,"83,304,027",127.0502167,37.65371323,11,서울특별시,1132,도봉구,11320514,창4동,월,11,M,4,39,11
20201109,"85,591,367",127.1324158,37.42099762,41,경기도,4113,성남시,41133670,도촌동,월,15,M,4,4,4
20201109,"83,752,407",127.0650101,37.83763886,41,경기도,4163,양주시,41630530,회천1동,월,23,M,2,20,3
20201109,"85,735,609",127.1369553,37.53413391,11,서울특별시,1174,강동구,11740660,성내3동,월,10,F,5,17,12
20201109,"85,559,534",127.1309204,37.4953537,11,서울특별시,1171,송파구,11710632,가락2동,월,16,M,4,5,9
20201109,"83,752,407",127.0650101,37.83763886,41,경기도,4163,양주시,41630530,회천1동,월,16,M,4,13,3
20201109,"127,535,844",128.5829773,35.2074852,48,경상남도,4812,창원시,48125630,오동동,월,18,M,6,4,4
20201116,"84,968,148",127.1086349,37.7553215,41,경기도,4115,의정부시,41150578,송산3동,월,15,F,6,9,6
20201116,"74,424,752",126.7348557,37.72870255,41,경기도,4148,파주시,41480560,운정2동,월,16,F,3,12,5
20201116,"87,143,779",127.1862717,37.65054703,41,경기도,4136,남양주시,41360259,진건읍,월,11,M,5,4,9
20201116,"80,679,980",126.9579468,37.55823517,11,서울특별시,1141,서대문구,11410555,북아현동,월,7,M,5,15,9
20201116,"84,968,148",127.1086349,37.7553215,41,경기도,4115,의정부시,41150578,송산3동,월,17,F,3,31,8
20201116,"143,006,759",129.1129456,35.14839172,26,부산광역시,2650,수영구,26500660,남천1동,월,16,M,6,4,3
20201116,"83,063,903",127.042099,37.59103775,11,서울특별시,1123,동대문구,11230705,청량리동,월,18,F,5,6,6
20201116,"86,503,616",127.1640091,37.55899811,11,서울특별시,1174,강동구,11740560,고덕2동,월,8,M,1,6,6
20201116,"72,040,077",126.6545258,37.35680389,28,인천광역시,2818,연수구,28185840,송도3동,월,12,F,4,4,5
20201116,"84,968,148",127.1086349,37.7553215,41,경기도,4115,의정부시,41150578,송산3동,월,9,F,6,9,5
20201116,"84,968,148",127.1086349,37.7553215,41,경기도,4115,의정부시,41150578,송산3동,월,8,F,0,3,3
20201115,"76,008,194",126.792984,37.52220917,41,경기도,4119,부천시,41190606,부천동,일,18,M,1,34,10
20201115,"76,008,194",126.792984,37.52220917,41,경기도,4119,부천시,41190606,부천동,일,17,F,4,15,28
20201115,"76,008,194",126.792984,37.52220917,41,경기도,4119,부천시,41190606,부천동,일,15,F,1,15,26
20201115,"85,671,906",127.1340485,37.66617203,41,경기도,4136,남양주시,41360310,별내면,일,5,F,4,7,4
20201115,"85,671,906",127.1340485,37.66617203,41,경기도,4136,남양주시,41360310,별내면,일,13,M,5,3,6
20201115,"76,008,194",126.792984,37.52220917,41,경기도,4119,부천시,41190606,부천동,일,3,F,3,17,8
20201109,"85,559,534",127.1309204,37.4953537,11,서울특별시,1171,송파구,11710632,가락2동,월,12,F,2,8,4
20201109,"83,304,027",127.0502167,37.65371323,11,서울특별시,1132,도봉구,11320514,창4동,월,17,M,5,49,18
20201109,"85,559,534",127.1309204,37.4953537,11,서울특별시,1171,송파구,11710632,가락2동,월,8,M,1,51,9
20201109,"82,231,288",127.014595,37.29032135,41,경기도,4111,수원시,41111580,영화동,월,7,M,1,5,5
20201109,"74,488,126",126.7399826,37.44842148,28,인천광역시,2820,남동구,28200560,만수1동,월,18,M,5,4,4
20201109,"76,727,766",126.8200073,37.34975815,41,경기도,4127,안산시,41273600,선부3동,월,0,M,1,4,4
20201109,"75,671,819",126.7828064,37.34367752,41,경기도,4139,시흥시,41390581,군자동,월,9,F,7,22,4
20201109,"83,752,407",127.0650101,37.83763886,41,경기도,4163,양주시,41630530,회천1동,월,13,F,4,19,8
20201109,"85,735,609",127.1369553,37.53413391,11,서울특별시,1174,강동구,11740660,성내3동,월,21,F,6,12,5
20201109,"80,695,089",126.9613876,37.15713501,41,경기도,4159,화성시,41590410,정남면,월,19,M,4,3,3
20201109,"125,761,395",128.5302734,35.85710907,27,대구광역시,2729,달서구,27290571,용산1동,월,6,M,1,8,4
20201109,"85,735,609",127.1369553,37.53413391,11,서울특별시,1174,강동구,11740660,성내3동,월,23,M,5,19,13
20201116,"80,679,980",126.9579468,37.55823517,11,서울특별시,1141,서대문구,11410555,북아현동,월,14,F,2,12,4
20201116,"74,424,752",126.7348557,37.72870255,41,경기도,4148,파주시,41480560,운정2동,월,18,M,1,69,8
20201116,"84,968,148",127.1086349,37.7553215,41,경기도,4115,의정부시,41150578,송산3동,월,16,M,7,7,4
20201116,"79,464,079",126.9148407,37.56839371,11,서울특별시,1144,마포구,11440730,성산2동,월,7,M,4,6,3
20201116,"80,679,980",126.9579468,37.55823517,11,서울특별시,1141,서대문구,11410555,북아현동,월,19,F,7,12,4
20201116,"72,150,360",126.6669159,36.58617401,44,충청남도,4480,홍성군,44800250,홍성읍,월,15,F,4,3,4
20201115,"78,232,060",126.8716125,37.52490616,11,서울특별시,1147,양천구,11470510,목1동,일,18,F,5,10,7
20201115,"76,008,194",126.792984,37.52220917,41,경기도,4119,부천시,41190606,부천동,일,16,F,2,12,25
20201115,"133,557,383",128.8345184,37.87098694,42,강원도,4215,강릉시,42150370,연곡면,일,12,M,4,6,4
20201115,"78,232,060",126.8716125,37.52490616,11,서울특별시,1147,양천구,11470510,목1동,일,19,F,3,15,4
20201115,"85,671,906",127.1340485,37.66617203,41,경기도,4136,남양주시,41360310,별내면,일,11,M,5,4,6
20201115,"82,647,727",127.0279465,37.49994659,11,서울특별시,1168,강남구,11680640,역삼1동,일,22,M,2,33,3
20201115,"83,654,734",127.0659943,37.08094406,41,경기도,4122,평택시,41220560,송북동,일,15,F,5,4,4
20201115,"83,494,687",127.0605164,37.055233,41,경기도,4122,평택시,41220510,중앙동,일,21,F,3,3,3
20201115,"130,389,109",128.7184906,37.65954208,42,강원도,4276,평창군,42760380,대관령면,일,16,F,4,6,3
20201115,"85,671,906",127.1340485,37.66617203,41,경기도,4136,남양주시,41360310,별내면,일,15,F,6,4,4
20201109,"83,304,027",127.0502167,37.65371323,11,서울특별시,1132,도봉구,11320514,창4동,월,17,M,7,20,3
20201109,"85,559,534",127.1309204,37.4953537,11,서울특별시,1171,송파구,11710632,가락2동,월,22,M,4,6,4
20201109,"85,735,609",127.1369553,37.53413391,11,서울특별시,1174,강동구,11740660,성내3동,월,22,M,3,10,6
20201109,"85,735,609",127.1369553,37.53413391,11,서울특별시,1174,강동구,11740660,성내3동,월,19,F,6,10,5
20201109,"85,559,534",127.1309204,37.4953537,11,서울특별시,1171,송파구,11710632,가락2동,월,21,F,1,20,6
20201109,"83,752,407",127.0650101,37.83763886,41,경기도,4163,양주시,41630530,회천1동,월,14,M,1,22,7
20201109,"85,559,534",127.1309204,37.4953537,11,서울특별시,1171,송파구,11710632,가락2동,월,13,F,4,13,8
20201109,"85,159,061",127.1179199,37.27087021,41,경기도,4146,용인시,41463520,구갈동,월,20,F,6,4,3
20201109,"73,368,336",126.6997375,37.51124954,28,인천광역시,2823,부평구,28237570,산곡1동,월,20,F,1,5,3
20201109,"85,735,609",127.1369553,37.53413391,11,서울특별시,1174,강동구,11740660,성내3동,월,17,F,2,22,5
20201109,"85,735,609",127.1369553,37.53413391,11,서울특별시,1174,강동구,11740660,성내3동,월,14,M,6,11,12
20201109,"85,559,534",127.1309204,37.4953537,11,서울특별시,1171,송파구,11710632,가락2동,월,19,F,1,19,11
20201116,"83,063,903",127.042099,37.59103775,11,서울특별시,1123,동대문구,11230705,청량리동,월,9,M,7,8,5
20201106,"83,527,872",127.0585251,37.59019852,11,서울특별시,1123,동대문구,11230720,휘경1동,금,19,F,4,14,23
20201106,"83,527,872",127.0585251,37.59019852,11,서울특별시,1123,동대문구,11230720,휘경1동,금,15,M,4,9,10
20201106,"83,447,113",127.057724,37.2458725,41,경기도,4111,수원시,41117580,영통2동,금,4,M,3,13,4
20201106,"103,159,221",127.7543335,37.85033417,42,강원도,4211,춘천시,42110390,동내면,금,21,M,5,8,7
20201106,"83,447,113",127.057724,37.2458725,41,경기도,4111,수원시,41117580,영통2동,금,12,F,2,15,25
20201106,"83,447,113",127.057724,37.2458725,41,경기도,4111,수원시,41117580,영통2동,금,21,F,1,13,23
20201106,"83,527,872",127.0585251,37.59019852,11,서울특별시,1123,동대문구,11230720,휘경1동,금,21,F,4,13,14
20201106,"83,447,113",127.057724,37.2458725,41,경기도,4111,수원시,41117580,영통2동,금,2,M,3,13,8
20201106,"83,527,872",127.0585251,37.59019852,11,서울특별시,1123,동대문구,11230720,휘경1동,금,11,F,1,15,9
20201106,"103,159,221",127.7543335,37.85033417,42,강원도,4211,춘천시,42110390,동내면,금,16,M,3,8,8
20201106,"83,447,113",127.057724,37.2458725,41,경기도,4111,수원시,41117580,영통2동,금,11,F,4,12,23
20201106,"83,527,872",127.0585251,37.59019852,11,서울특별시,1123,동대문구,11230720,휘경1동,금,13,F,1,5,14
20201108,"82,615,251",127.0281677,37.2845192,41,경기도,4111,수원시,41115710,우만1동,일,11,M,7,8,21
20201108,"82,487,744",127.0222702,37.50307846,11,서울특별시,1165,서초구,11650531,서초4동,일,20,M,3,15,14
20201108,"80,647,370",126.9588013,37.2824173,41,경기도,4111,수원시,41113700,입북동,일,23,M,1,8,3
20201108,"82,615,251",127.0281677,37.2845192,41,경기도,4111,수원시,41115710,우만1동,일,15,M,5,11,29
20201108,"82,615,251",127.0281677,37.2845192,41,경기도,4111,수원시,41115710,우만1동,일,13,F,6,10,34
20201108,"79,624,151",126.9202194,37.60537338,11,서울특별시,1138,은평구,11380625,역촌동,일,5,F,2,13,4
20201108,"79,624,151",126.9202194,37.60537338,11,서울특별시,1138,은평구,11380625,역촌동,일,10,M,5,6,7
20201108,"82,487,744",127.0222702,37.50307846,11,서울특별시,1165,서초구,11650531,서초4동,일,17,F,6,6,4
20201108,"148,319,347",129.304306,35.56040192,31,울산광역시,3111,중구,31110600,태화동,일,22,M,1,5,5
20201108,"82,615,251",127.0281677,37.2845192,41,경기도,4111,수원시,41115710,우만1동,일,0,F,2,13,10
20201108,"82,615,251",127.0281677,37.2845192,41,경기도,4111,수원시,41115710,우만1동,일,2,M,1,5,5
20201108,"82,487,744",127.0222702,37.50307846,11,서울특별시,1165,서초구,11650531,서초4동,일,21,M,5,12,6
20201108,"82,487,744",127.0222702,37.50307846,11,서울특별시,1165,서초구,11650531,서초4동,일,19,M,5,14,7
20201111,"83,559,754",127.059967,37.53792572,11,서울특별시,1120,성동구,11200670,성수2가1동,수,23,M,2,16,9
20201111,"83,559,754",127.059967,37.53792572,11,서울특별시,1120,성동구,11200670,성수2가1동,수,16,M,4,36,23
20201111,"79,272,085",126.9080734,37.56565475,11,서울특별시,1144,마포구,11440730,성산2동,수,23,M,3,17,3
20201111,"72,808,258",126.6804962,37.46018982,28,인천광역시,2817,미추홀구,28177620,주안1동,수,7,F,6,27,5
20201111,"72,808,258",126.6804962,37.46018982,28,인천광역시,2817,미추홀구,28177620,주안1동,수,14,M,1,5,7
20201111,"79,272,085",126.9080734,37.56565475,11,서울특별시,1144,마포구,11440730,성산2동,수,16,M,5,13,4
20201111,"80,903,957",126.9659042,37.55421448,11,서울특별시,1114,중구,11140680,중림동,수,7,M,1,4,3
20201111,"83,559,754",127.059967,37.53792572,11,서울특별시,1120,성동구,11200670,성수2가1동,수,7,F,6,18,4
20201111,"72,808,258",126.6804962,37.46018982,28,인천광역시,2817,미추홀구,28177620,주안1동,수,17,F,2,46,19
20201106,"131,038,881",128.698349,34.87097931,48,경상남도,4831,거제시,48310540,아주동,금,12,M,5,18,14
20201106,"83,447,113",127.057724,37.2458725,41,경기도,4111,수원시,41117580,영통2동,금,13,F,4,7,14
20201106,"83,447,113",127.057724,37.2458725,41,경기도,4111,수원시,41117580,영통2동,금,3,M,5,12,4
20201106,"130,846,954",128.6921844,34.8985405,48,경상남도,4831,거제시,48310560,옥포2동,금,21,M,4,7,3
20201106,"149,839,441",129.3586731,35.64476776,31,울산광역시,3120,북구,31200510,농소1동,금,17,F,1,15,4
20201106,"83,447,113",127.057724,37.2458725,41,경기도,4111,수원시,41117580,영통2동,금,1,F,5,9,4
20201106,"83,447,113",127.057724,37.2458725,41,경기도,4111,수원시,41117580,영통2동,금,10,F,2,10,10
20201106,"79,650,674",126.9393463,35.13754272,29,광주광역시,2911,동구,29110710,학운동,금,10,M,1,6,3
20201106,"103,159,221",127.7543335,37.85033417,42,강원도,4211,춘천시,42110390,동내면,금,19,M,5,9,6
20201106,"103,159,221",127.7543335,37.85033417,42,강원도,4211,춘천시,42110390,동내면,금,18,M,3,9,19
20201106,"83,447,113",127.057724,37.2458725,41,경기도,4111,수원시,41117580,영통2동,금,5,M,5,10,11
20201108,"82,487,744",127.0222702,37.50307846,11,서울특별시,1165,서초구,11650531,서초4동,일,6,F,4,8,7
20201108,"82,615,251",127.0281677,37.2845192,41,경기도,4111,수원시,41115710,우만1동,일,6,M,2,5,14
20201108,"82,487,744",127.0222702,37.50307846,11,서울특별시,1165,서초구,11650531,서초4동,일,18,M,3,17,7
20201108,"83,958,997",127.0759735,37.20808029,41,경기도,4159,화성시,41590585,동탄1동,일,17,F,1,6,10
20201118,"125,985,297",128.5375366,35.81918335,27,대구광역시,2729,달서구,27290624,상인1동,수,21,F,2,8,6
20201118,"85,398,869",127.12677,37.19112396,41,경기도,4159,화성시,41590610,동탄7동,수,6,F,3,28,6
20201118,"85,398,869",127.12677,37.19112396,41,경기도,4159,화성시,41590610,동탄7동,수,0,F,3,40,17
20201118,"84,263,790",127.084671,37.57406998,11,서울특별시,1126,중랑구,11260540,면목4동,수,8,M,4,7,6
20201118,"79,639,705",126.9223328,37.40483475,41,경기도,4117,안양시,41171520,안양2동,수,16,M,5,3,4
20201118,"83,719,967",127.0650406,37.63844681,11,서울특별시,1135,노원구,11350625,중계2.3동,수,19,M,3,7,4
20201118,"84,903,385",127.1081772,37.40965271,41,경기도,4113,성남시,41131650,시흥동,수,10,M,2,3,5
20201118,"83,719,967",127.0650406,37.63844681,11,서울특별시,1135,노원구,11350625,중계2.3동,수,15,F,5,18,7
20201120,"83,959,268",127.0752945,37.33021545,41,경기도,4146,용인시,41465530,신봉동,금,14,F,1,6,4
20201120,"83,959,268",127.0752945,37.33021545,41,경기도,4146,용인시,41465530,신봉동,금,20,M,1,10,6
20201120,"82,808,277",127.0320206,37.75233841,41,경기도,4115,의정부시,41150595,가능동,금,8,F,4,10,17
20201120,"78,807,922",126.8923569,37.47904587,11,서울특별시,1153,구로구,11530595,가리봉동,금,9,M,6,29,3
20201120,"78,807,922",126.8923569,37.47904587,11,서울특별시,1153,구로구,11530595,가리봉동,금,15,M,6,31,4
20201120,"75,816,045",126.7868881,37.44961166,41,경기도,4139,시흥시,41390510,대야동,금,10,F,5,16,3
20201120,"86,630,927",127.1698837,37.25209808,41,경기도,4146,용인시,41461520,역삼동,금,16,F,6,4,4
20201120,"82,808,277",127.0320206,37.75233841,41,경기도,4115,의정부시,41150595,가능동,금,14,F,4,7,14
20201120,"83,719,967",127.0650406,37.63844681,11,서울특별시,1135,노원구,11350625,중계2.3동,금,0,M,2,19,4
20201120,"86,630,927",127.1698837,37.25209808,41,경기도,4146,용인시,41461520,역삼동,금,8,M,4,3,4
20201120,"84,887,599",127.1071091,37.50564575,11,서울특별시,1171,송파구,11710580,송파1동,금,14,F,2,6,13
20201120,"128,255,124",128.6035919,34.90298462,48,경상남도,4831,거제시,48310570,장평동,금,7,M,4,7,3
20201120,"78,807,922",126.8923569,37.47904587,11,서울특별시,1153,구로구,11530595,가리봉동,금,22,M,5,52,5
20201112,"74,744,056",126.7492676,37.42414093,28,인천광역시,2820,남동구,28200655,서창2동,목,16,F,5,34,9
20201112,"69,256,550",126.5546036,37.49079514,28,인천광역시,2811,중구,28110622,영종1동,목,12,M,0,4,4
20201112,"83,015,739",127.040863,37.51576996,11,서울특별시,1168,강남구,11680531,논현2동,목,13,M,4,22,6
20201112,"84,646,494",127.1012955,37.00084305,41,경기도,4122,평택시,41220620,비전1동,목,7,F,7,7,7
20201112,"84,646,494",127.1012955,37.00084305,41,경기도,4122,평택시,41220620,비전1동,목,16,M,1,14,6
20201112,"69,256,550",126.5546036,37.49079514,28,인천광역시,2811,중구,28110622,영종1동,목,14,F,3,16,9
20201112,"74,744,056",126.7492676,37.42414093,28,인천광역시,2820,남동구,28200655,서창2동,목,18,M,6,18,12
20201112,"83,015,739",127.040863,37.51576996,11,서울특별시,1168,강남구,11680531,논현2동,목,10,M,2,11,6
20201112,"74,744,056",126.7492676,37.42414093,28,인천광역시,2820,남동구,28200655,서창2동,목,3,F,4,17,3
20201112,"71,144,511",126.6209183,37.52691269,28,인천광역시,2826,서구,28260539,청라3동,목,21,M,4,11,3
20201128,"71,144,511",126.6209183,37.52691269,28,인천광역시,2826,서구,28260539,청라3동,토,21,M,4,14,3
20201128,"100,096,610",127.6401749,34.78437042,46,전라남도,4613,여수시,46130800,여천동,토,23,F,1,4,4
20201128,"128,097,255",128.611145,35.85909271,27,대구광역시,2726,수성구,27260570,수성1가동,토,22,F,4,14,3
20201128,"79,672,120",126.9220123,37.59276581,11,서울특별시,1138,은평구,11380590,응암2동,토,14,F,5,5,5
20201128,"98,864,805",127.5981598,34.83761597,46,전라남도,4613,여수시,46130320,율촌면,토,3,F,7,3,7
20201128,"83,591,991",127.060463,37.64564133,11,서울특별시,1135,노원구,11350695,상계6.7동,토,15,M,6,7,7
20201128,"79,672,120",126.9220123,37.59276581,11,서울특별시,1138,은평구,11380590,응암2동,토,15,F,3,4,7
20201118,"84,903,385",127.1081772,37.40965271,41,경기도,4113,성남시,41131650,시흥동,수,11,M,4,9,5
20201118,"83,719,967",127.0650406,37.63844681,11,서울특별시,1135,노원구,11350625,중계2.3동,수,16,M,5,16,5
20201118,"85,398,869",127.12677,37.19112396,41,경기도,4159,화성시,41590610,동탄7동,수,19,F,2,4,5
20201118,"85,398,869",127.12677,37.19112396,41,경기도,4159,화성시,41590610,동탄7동,수,9,F,7,7,9
20201118,"83,719,967",127.0650406,37.63844681,11,서울특별시,1135,노원구,11350625,중계2.3동,수,17,M,5,13,6
20201118,"85,398,869",127.12677,37.19112396,41,경기도,4159,화성시,41590610,동탄7동,수,15,M,4,7,6
20201118,"85,398,869",127.12677,37.19112396,41,경기도,4159,화성시,41590610,동탄7동,수,4,M,3,7,4
20201118,"83,719,967",127.0650406,37.63844681,11,서울특별시,1135,노원구,11350625,중계2.3동,수,14,F,3,10,5
20201118,"85,398,869",127.12677,37.19112396,41,경기도,4159,화성시,41590610,동탄7동,수,20,F,4,25,11
20201120,"82,808,277",127.0320206,37.75233841,41,경기도,4115,의정부시,41150595,가능동,금,19,M,4,10,15
20201120,"83,719,967",127.0650406,37.63844681,11,서울특별시,1135,노원구,11350625,중계2.3동,금,14,F,3,21,6
20201120,"84,887,599",127.1071091,37.50564575,11,서울특별시,1171,송파구,11710580,송파1동,금,7,M,5,3,19
20201120,"84,887,599",127.1071091,37.50564575,11,서울특별시,1171,송파구,11710580,송파1동,금,16,M,7,4,9
20201120,"83,719,967",127.0650406,37.63844681,11,서울특별시,1135,노원구,11350625,중계2.3동,금,15,F,5,29,5
20201120,"83,719,967",127.0650406,37.63844681,11,서울특별시,1135,노원구,11350625,중계2.3동,금,7,M,4,24,11
20201120,"83,719,967",127.0650406,37.63844681,11,서울특별시,1135,노원구,11350625,중계2.3동,금,11,M,2,17,6
20201120,"139,236,635",129.032608,37.69147873,42,강원도,4215,강릉시,42150340,강동면,금,12,F,5,6,3
20201120,"84,887,599",127.1071091,37.50564575,11,서울특별시,1171,송파구,11710580,송파1동,금,9,F,4,5,20
20201120,"72,952,253",126.6855621,37.4620285,28,인천광역시,2817,미추홀구,28177620,주안1동,금,21,F,4,15,4
20201120,"83,959,268",127.0752945,37.33021545,41,경기도,4146,용인시,41465530,신봉동,금,18,M,1,4,6
20201120,"84,887,599",127.1071091,37.50564575,11,서울특별시,1171,송파구,11710580,송파1동,금,11,M,3,4,5
20201120,"72,952,253",126.6855621,37.4620285,28,인천광역시,2817,미추홀구,28177620,주안1동,금,17,M,1,38,5
20201120,"83,719,967",127.0650406,37.63844681,11,서울특별시,1135,노원구,11350625,중계2.3동,금,20,M,5,11,9
20201120,"84,903,385",127.1081772,37.40965271,41,경기도,4113,성남시,41131650,시흥동,금,13,M,4,6,3
20201112,"74,744,056",126.7492676,37.42414093,28,인천광역시,2820,남동구,28200655,서창2동,목,23,F,3,23,5
20201112,"69,256,550",126.5546036,37.49079514,28,인천광역시,2811,중구,28110622,영종1동,목,15,F,5,10,5
20201112,"84,312,011",127.0858078,37.67502594,11,서울특별시,1135,노원구,11350665,상계3.4동,목,7,M,6,7,4
20201112,"84,646,494",127.1012955,37.00084305,41,경기도,4122,평택시,41220620,비전1동,목,22,M,1,7,5
20201112,"74,744,056",126.7492676,37.42414093,28,인천광역시,2820,남동구,28200655,서창2동,목,22,F,5,24,5
20201112,"69,256,550",126.5546036,37.49079514,28,인천광역시,2811,중구,28110622,영종1동,목,13,M,6,6,3
20201112,"83,622,708",127.0649414,37.06832123,41,경기도,4122,평택시,41220520,서정동,목,2,M,4,4,3
20201112,"75,378,661",126.7938995,35.01054382,46,전라남도,4617,나주시,46170620,빛가람동,목,21,F,2,17,11
20201112,"79,735,959",126.9248276,37.52202225,11,서울특별시,1156,영등포구,11560540,여의동,목,16,M,5,14,21
20201112,"75,272,403",126.7662354,37.59550476,41,경기도,4157,김포시,41570253,고촌읍,목,15,M,4,5,3
20201112,"79,735,959",126.9248276,37.52202225,11,서울특별시,1156,영등포구,11560540,여의동,목,22,M,3,21,32
20201112,"134,181,182",128.8553467,37.79774475,42,강원도,4215,강릉시,42150665,경포동,목,11,M,4,9,9
20201112,"79,735,959",126.9248276,37.52202225,11,서울특별시,1156,영등포구,11560540,여의동,목,19,F,6,7,28
20201112,"82,215,721",127.0127716,37.48501205,11,서울특별시,1165,서초구,11650530,서초3동,목,17,M,4,14,6
20201112,"81,527,945",126.9878922,37.56647873,11,서울특별시,1114,중구,11140550,명동,목,16,M,3,16,4
20201112,"93,556,580",127.414978,36.3898201,30,대전광역시,3023,대덕구,30230525,회덕동,목,8,M,5,3,8
20201112,"134,181,182",128.8553467,37.79774475,42,강원도,4215,강릉시,42150665,경포동,목,13,M,4,11,9
20201112,"75,378,661",126.7938995,35.01054382,46,전라남도,4617,나주시,46170620,빛가람동,목,19,F,2,8,8
20201112,"79,735,959",126.9248276,37.52202225,11,서울특별시,1156,영등포구,11560540,여의동,목,21,F,6,8,16
20201112,"79,591,919",126.9199066,37.49991608,11,서울특별시,1156,영등포구,11560680,신길6동,목,23,M,5,7,8
20201112,"76,951,619",126.8284454,37.28986359,41,경기도,4127,안산시,41271537,해양동,목,19,M,1,11,4
20201112,"79,735,959",126.9248276,37.52202225,11,서울특별시,1156,영등포구,11560540,여의동,목,23,M,5,4,6
20201126,"74,920,278",126.7544403,37.52918243,28,인천광역시,2824,계양구,28245640,작전서운동,목,16,F,5,4,10
20201126,"77,896,122",126.8595734,37.5433197,11,서울특별시,1150,강서구,11500530,등촌2동,목,23,M,1,49,8
20201126,"77,336,153",126.8397827,37.54140854,11,서울특별시,1150,강서구,11500540,화곡1동,목,12,F,7,10,3
20201126,"123,937,509",128.4671478,35.8576355,27,대구광역시,2771,달성군,27710256,다사읍,목,13,M,1,3,3
20201126,"77,896,122",126.8595734,37.5433197,11,서울특별시,1150,강서구,11500530,등촌2동,목,9,F,7,10,5
20201126,"79,400,047",126.9127045,37.55215836,11,서울특별시,1144,마포구,11440660,서교동,목,17,M,2,19,8
20201126,"74,920,278",126.7544403,37.52918243,28,인천광역시,2824,계양구,28245640,작전서운동,목,15,M,4,5,10
20201126,"102,960,337",127.7378845,34.74183655,46,전라남도,4613,여수시,46130515,동문동,목,15,F,1,6,9
20201126,"102,752,334",127.7307587,34.7346344,46,전라남도,4613,여수시,46130655,대교동,목,14,F,1,3,3
20201126,"85,463,540",127.1275253,37.49534607,11,서울특별시,1171,송파구,11710632,가락2동,목,12,F,1,28,6
20201126,"77,336,153",126.8397827,37.54140854,11,서울특별시,1150,강서구,11500540,화곡1동,목,15,F,2,39,6
20201114,"74,744,056",126.7492676,37.42414093,28,인천광역시,2820,남동구,28200655,서창2동,토,15,M,4,37,16
20201114,"72,456,436",126.6672821,37.53040314,28,인천광역시,2826,서구,28260542,가정1동,토,14,F,1,3,6
20201114,"84,135,119",127.0818405,37.26804352,41,경기도,4111,수원시,41117570,영통1동,토,18,M,1,13,4
20201114,"84,135,119",127.0818405,37.26804352,41,경기도,4111,수원시,41117570,영통1동,토,22,F,2,3,3
20201114,"86,423,000",127.1624374,37.27911758,41,경기도,4146,용인시,41463572,동백1동,토,11,F,1,4,6
20201114,"72,456,436",126.6672821,37.53040314,28,인천광역시,2826,서구,28260542,가정1동,토,21,F,3,3,7
20201112,"79,591,919",126.9199066,37.49991608,11,서울특별시,1156,영등포구,11560680,신길6동,목,21,F,6,8,8
20201112,"75,378,661",126.7938995,35.01054382,46,전라남도,4617,나주시,46170620,빛가람동,목,23,M,1,4,8
20201112,"84,471,629",127.092392,37.5073967,11,서울특별시,1171,송파구,11710680,잠실3동,목,12,F,3,11,4
20201112,"76,951,619",126.8284454,37.28986359,41,경기도,4127,안산시,41271537,해양동,목,21,M,1,7,9
20201112,"75,480,608",126.772644,37.69379044,41,경기도,4128,고양시,41287540,탄현동,목,9,M,6,12,5
20201112,"75,378,661",126.7938995,35.01054382,46,전라남도,4617,나주시,46170620,빛가람동,목,0,F,3,24,4
20201112,"127,857,213",128.6024933,35.83348084,27,대구광역시,2720,남구,27200540,봉덕2동,목,8,M,1,6,5
20201112,"79,735,959",126.9248276,37.52202225,11,서울특별시,1156,영등포구,11560540,여의동,목,16,M,3,17,18
20201126,"77,336,153",126.8397827,37.54140854,11,서울특별시,1150,강서구,11500540,화곡1동,목,21,F,6,12,4
20201126,"85,463,540",127.1275253,37.49534607,11,서울특별시,1171,송파구,11710632,가락2동,목,10,F,1,44,6
20201126,"85,463,540",127.1275253,37.49534607,11,서울특별시,1171,송파구,11710632,가락2동,목,16,F,3,11,4
20201126,"77,336,153",126.8397827,37.54140854,11,서울특별시,1150,강서구,11500540,화곡1동,목,11,F,3,13,7
20201126,"84,263,790",127.084671,37.57406998,11,서울특별시,1126,중랑구,11260540,면목4동,목,14,M,4,13,5
20201126,"79,400,047",126.9127045,37.55215836,11,서울특별시,1144,마포구,11440660,서교동,목,16,M,2,21,6
20201126,"77,336,153",126.8397827,37.54140854,11,서울특별시,1150,강서구,11500540,화곡1동,목,14,F,4,25,10
20201126,"84,263,790",127.084671,37.57406998,11,서울특별시,1126,중랑구,11260540,면목4동,목,8,M,5,14,3
20201126,"77,336,153",126.8397827,37.54140854,11,서울특별시,1150,강서구,11500540,화곡1동,목,13,F,3,18,10
20201114,"74,744,056",126.7492676,37.42414093,28,인천광역시,2820,남동구,28200655,서창2동,토,22,F,5,23,5
20201114,"79,591,919",126.9199066,37.49991608,11,서울특별시,1156,영등포구,11560680,신길6동,토,17,M,5,12,16
20201114,"79,591,919",126.9199066,37.49991608,11,서울특별시,1156,영등포구,11560680,신길6동,토,21,F,6,5,16
20201114,"71,752,179",126.6439285,37.39458466,28,인천광역시,2818,연수구,28185830,송도2동,토,11,M,4,9,3
20201114,"79,591,919",126.9199066,37.49991608,11,서울특별시,1156,영등포구,11560680,신길6동,토,22,M,3,8,12
20201114,"83,207,846",127.0473251,37.56942749,11,서울특별시,1120,성동구,11200790,용답동,토,0,M,3,5,5
20201114,"74,744,056",126.7492676,37.42414093,28,인천광역시,2820,남동구,28200655,서창2동,토,20,M,6,10,4
20201114,"74,744,056",126.7492676,37.42414093,28,인천광역시,2820,남동구,28200655,서창2동,토,18,M,6,18,10
20201114,"72,456,436",126.6672821,37.53040314,28,인천광역시,2826,서구,28260542,가정1동,토,20,F,5,3,5
20201114,"75,960,466",126.7901382,37.64342117,41,경기도,4128,고양시,41285551,백석1동,토,15,M,2,26,4
20201114,"84,135,119",127.0818405,37.26804352,41,경기도,4111,수원시,41117570,영통1동,토,23,F,4,5,8
20201114,"74,744,056",126.7492676,37.42414093,28,인천광역시,2820,남동구,28200655,서창2동,토,17,F,3,41,15
20201114,"72,456,436",126.6672821,37.53040314,28,인천광역시,2826,서구,28260542,가정1동,토,18,F,5,3,7
20201114,"74,744,056",126.7492676,37.42414093,28,인천광역시,2820,남동구,28200655,서창2동,토,16,F,5,24,11
20201114,"84,135,119",127.0818405,37.26804352,41,경기도,4111,수원시,41117570,영통1동,토,20,M,1,7,9
20201114,"79,591,919",126.9199066,37.49991608,11,서울특별시,1156,영등포구,11560680,신길6동,토,19,F,6,17,11
20201112,"75,378,661",126.7938995,35.01054382,46,전라남도,4617,나주시,46170620,빛가람동,목,20,F,4,15,10
20201112,"79,735,959",126.9248276,37.52202225,11,서울특별시,1156,영등포구,11560540,여의동,목,17,M,5,47,57
20201112,"75,480,608",126.772644,37.69379044,41,경기도,4128,고양시,41287540,탄현동,목,10,F,3,12,4
20201112,"93,556,580",127.414978,36.3898201,30,대전광역시,3023,대덕구,30230525,회덕동,목,21,F,4,5,4
20201112,"79,735,959",126.9248276,37.52202225,11,서울특별시,1156,영등포구,11560540,여의동,목,9,M,7,3,26
20201112,"75,378,661",126.7938995,35.01054382,46,전라남도,4617,나주시,46170620,빛가람동,목,18,F,4,15,16
20201112,"79,591,919",126.9199066,37.49991608,11,서울특별시,1156,영등포구,11560680,신길6동,목,5,F,6,14,7
20201112,"73,064,613",126.6877289,37.62743759,41,경기도,4157,김포시,41570560,장기동,목,15,F,7,4,4
20201112,"84,471,629",127.092392,37.5073967,11,서울특별시,1171,송파구,11710680,잠실3동,목,15,M,6,11,6
20201112,"75,480,608",126.772644,37.69379044,41,경기도,4128,고양시,41287540,탄현동,목,12,F,3,10,3
20201112,"76,951,619",126.8284454,37.28986359,41,경기도,4127,안산시,41271537,해양동,목,17,F,2,8,6
20201123,"93,477,285",127.4118347,36.70534897,43,충청북도,4311,청주시,43114253,오창읍,월,22,M,3,3,3
20201123,"77,448,212",126.843483,37.57117462,11,서울특별시,1150,강서구,11500603,가양1동,월,3,M,1,7,4
20201126,"79,400,047",126.9127045,37.55215836,11,서울특별시,1144,마포구,11440660,서교동,목,13,F,2,26,5
20201126,"84,263,790",127.084671,37.57406998,11,서울특별시,1126,중랑구,11260540,면목4동,목,19,F,4,17,5
20201126,"84,263,790",127.084671,37.57406998,11,서울특별시,1126,중랑구,11260540,면목4동,목,15,M,2,9,4
20201126,"79,400,047",126.9127045,37.55215836,11,서울특별시,1144,마포구,11440660,서교동,목,10,F,4,22,7
20201126,"79,400,047",126.9127045,37.55215836,11,서울특별시,1144,마포구,11440660,서교동,목,12,F,4,34,9
20201126,"79,400,047",126.9127045,37.55215836,11,서울특별시,1144,마포구,11440660,서교동,목,11,F,2,23,5
20201126,"79,400,047",126.9127045,37.55215836,11,서울특별시,1144,마포구,11440660,서교동,목,3,M,7,7,4
20201126,"77,336,153",126.8397827,37.54140854,11,서울특별시,1150,강서구,11500540,화곡1동,목,4,M,4,11,4
20201126,"77,336,153",126.8397827,37.54140854,11,서울특별시,1150,강서구,11500540,화곡1동,목,10,F,5,22,8
20201126,"102,752,334",127.7307587,34.7346344,46,전라남도,4613,여수시,46130655,대교동,목,17,M,5,4,5
20201126,"84,102,800",127.0815125,37.12336731,41,경기도,4122,평택시,41220310,진위면,목,13,M,4,6,4
20201126,"84,263,790",127.084671,37.57406998,11,서울특별시,1126,중랑구,11260540,면목4동,목,13,F,7,3,3
20201126,"81,015,779",126.9704056,37.47716904,11,서울특별시,1159,동작구,11590650,사당4동,목,9,M,6,10,3
20201126,"77,111,675",126.8338242,37.31964111,41,경기도,4127,안산시,41273532,중앙동,목,21,F,1,11,4
20201126,"77,336,153",126.8397827,37.54140854,11,서울특별시,1150,강서구,11500540,화곡1동,목,23,M,5,4,5
20201126,"79,400,047",126.9127045,37.55215836,11,서울특별시,1144,마포구,11440660,서교동,목,2,M,5,9,4
20201126,"84,711,514",127.10112,37.46236038,11,서울특별시,1168,강남구,11680700,세곡동,목,10,M,1,3,3
20201126,"84,263,790",127.084671,37.57406998,11,서울특별시,1126,중랑구,11260540,면목4동,목,13,M,3,8,4
20201114,"79,591,919",126.9199066,37.49991608,11,서울특별시,1156,영등포구,11560680,신길6동,토,23,M,5,8,5
20201114,"74,744,056",126.7492676,37.42414093,28,인천광역시,2820,남동구,28200655,서창2동,토,9,M,7,4,9
20201114,"72,456,436",126.6672821,37.53040314,28,인천광역시,2826,서구,28260542,가정1동,토,19,F,3,4,8
20201114,"92,916,690",127.3926315,36.4213562,30,대전광역시,3020,유성구,30200600,관평동,토,17,M,5,8,3
20201114,"127,265,291",128.5822601,35.85214615,27,대구광역시,2720,남구,27200586,대명3동,토,22,M,5,3,3
20201112,"75,480,608",126.772644,37.69379044,41,경기도,4128,고양시,41287540,탄현동,목,15,M,6,4,5
20201112,"84,471,629",127.092392,37.5073967,11,서울특별시,1171,송파구,11710680,잠실3동,목,16,M,5,12,7
20201112,"79,591,919",126.9199066,37.49991608,11,서울특별시,1156,영등포구,11560680,신길6동,목,17,M,5,23,24
20201112,"75,480,608",126.772644,37.69379044,41,경기도,4128,고양시,41287540,탄현동,목,16,M,5,3,5
20201112,"84,471,629",127.092392,37.5073967,11,서울특별시,1171,송파구,11710680,잠실3동,목,11,F,5,21,3
20201112,"79,591,919",126.9199066,37.49991608,11,서울특별시,1156,영등포구,11560680,신길6동,목,14,M,6,13,10
20201112,"79,591,919",126.9199066,37.49991608,11,서울특별시,1156,영등포구,11560680,신길6동,목,22,M,3,6,7
20201112,"76,951,619",126.8284454,37.28986359,41,경기도,4127,안산시,41271537,해양동,목,22,F,4,6,4
20201112,"79,735,959",126.9248276,37.52202225,11,서울특별시,1156,영등포구,11560540,여의동,목,13,F,3,7,23
20201112,"79,591,919",126.9199066,37.49991608,11,서울특별시,1156,영등포구,11560680,신길6동,목,11,F,3,13,5
20201112,"76,951,619",126.8284454,37.28986359,41,경기도,4127,안산시,41271537,해양동,목,6,M,4,7,5
20201112,"75,480,608",126.772644,37.69379044,41,경기도,4128,고양시,41287540,탄현동,목,13,F,5,13,4
20201112,"75,378,661",126.7938995,35.01054382,46,전라남도,4617,나주시,46170620,빛가람동,목,9,M,4,4,5
20201123,"120,994,271",128.3681183,36.11894226,47,경상북도,4719,구미시,47190621,공단1동,월,17,M,1,13,4
20201123,"72,952,253",126.6855621,37.4620285,28,인천광역시,2817,미추홀구,28177620,주안1동,월,21,F,4,18,4
20201106,"134,181,182",128.8553467,37.79774475,42,강원도,4215,강릉시,42150665,경포동,금,13,M,4,6,9
20201106,"84,917,273",127.1135788,36.45819092,44,충청남도,4415,공주시,44150540,웅진동,금,15,F,1,6,4
20201106,"75,208,582",126.7631912,37.67435074,41,경기도,4128,고양시,41287560,주엽2동,금,21,F,7,36,5
20201106,"79,672,081",126.9221497,37.57518768,11,서울특별시,1141,서대문구,11410700,남가좌2동,금,9,M,7,19,9
20201106,"134,181,182",128.8553467,37.79774475,42,강원도,4215,강릉시,42150665,경포동,금,11,M,4,8,7
20201106,"75,208,582",126.7631912,37.67435074,41,경기도,4128,고양시,41287560,주엽2동,금,15,F,6,21,5
20201106,"75,208,582",126.7631912,37.67435074,41,경기도,4128,고양시,41287560,주엽2동,금,16,F,3,15,6
20201106,"76,583,771",126.814949,37.34792328,41,경기도,4127,안산시,41273600,선부3동,금,22,F,6,7,3
20201101,"84,791,556",127.1038361,37.48355103,11,서울특별시,1168,강남구,11680700,세곡동,일,22,M,4,5,15
20201101,"71,144,511",126.6209183,37.52691269,28,인천광역시,2826,서구,28260539,청라3동,일,22,F,1,20,4
20201101,"76,215,741",126.8021851,37.32396317,41,경기도,4127,안산시,41273555,백운동,일,10,F,7,3,17
20201101,"135,845,082",128.9144287,37.79885483,42,강원도,4215,강릉시,42150580,초당동,일,17,F,2,8,5
20201101,"143,363,831",129.1733551,37.44352341,42,강원도,4223,삼척시,42230530,교동,일,12,F,6,20,6
20201101,"84,136,186",127.079155,37.748909,41,경기도,4115,의정부시,41150568,신곡2동,일,15,F,3,8,7
20201101,"94,244,397",127.439003,36.32672882,30,대전광역시,3011,동구,30110585,대동,일,15,F,5,10,6
